x,y,alpha,c
0.9966666666666667,0.0,0.9997140908936999,0.0006748457839158602
0.99,0.0,0.9998470194062925,0.002025570129198983
0.9833333333333333,0.0,0.9998749885568102,0.003376094490483221
0.9766666666666666,0.0,0.9998748417483113,0.004726301902475867
0.9699999999999999,0.0,0.9998655959510581,0.006076146222915435
0.9633333333333332,0.0,0.9998587188333513,0.007425876898466544
0.9566666666666664,0.0,0.9998500183405563,0.00877536838736495
0.9499999999999997,0.0,0.9998377481472074,0.010124531802362814
0.943333333333333,0.0,0.9998221389605723,0.011473370211908699
0.9366666666666663,0.0,0.9998027256019473,0.012821874579602863
0.9299999999999996,0.0,0.9997792208066464,0.014170061963215996
0.9233333333333329,0.0,0.9997514382978773,0.015517975521162986
0.9166666666666662,0.0,0.9997192528938607,0.01686568451906941
0.9099999999999995,0.0,0.9996825784466353,0.018213284336363544
0.9033333333333328,0.0,0.9996413294325432,0.019560893986936192
0.8966666666666661,0.0,0.9995948182949749,0.020908593454447823
0.8899999999999993,0.0,0.9995435169224767,0.02225659829313164
0.8833333333333326,0.0,0.9994878736299722,0.02360516195157536
0.8766666666666659,0.0,0.9994293147115172,0.024954712533172232
0.8699999999999992,0.0,0.9993684532526543,0.026305671640695482
0.8633333333333325,0.0,0.9993097163158438,0.027658914838317804
0.8566666666666658,0.0,0.9992367538782152,0.029013430303815254
0.8499999999999991,0.0,0.9991522993892921,0.03036980549963724
0.8433333333333324,0.0,0.9990468658005972,0.03172752782318566
0.8366666666666657,0.0,0.9989307538009482,0.03308857790536198
0.829999999999999,0.0,0.9988086152416517,0.034454204713369053
0.8233333333333323,0.0,0.9986808687799792,0.035825515788897914
0.8166666666666655,0.0,0.9985415966293665,0.03720286758604504
0.8099999999999988,0.0,0.9983831289418028,0.03858661052447555
0.8033333333333321,0.0,0.9981968436566296,0.03997718901640993
0.7966666666666654,0.0,0.997972849973314,0.04137503602164146
0.7899999999999987,0.0,0.9977029183186685,0.04278114184953381
0.783333333333332,0.0,0.9973776769261088,0.044196483671740686
0.7766666666666653,0.0,0.9969887424279121,0.045622450713080444
0.7699999999999986,0.0,0.9965311617249324,0.04706148782931677
0.7633333333333319,0.0,0.9960027792681934,0.0485180719427043
0.7566666666666652,0.0,0.9953562863453962,0.04998983976349156
0.7499999999999984,0.0,0.9945415603391409,0.051474200508228776
0.7433333333333317,0.0,0.9935160447162198,0.05297094098672397
0.736666666666665,0.0,0.992232908058571,0.05448108146114341
0.7299999999999983,0.0,0.9905824157945645,0.0559953954664751
0.7233333333333316,0.0,0.9883970804565263,0.05749583955188738
0.7166666666666649,0.0,0.9854734749945492,0.05895926496923
0.7099999999999982,0.0,0.9814728200750573,0.0603392998223228
0.7033333333333315,0.0,0.975803025000104,0.06154057825121125
0.6966666666666648,0.0,0.9674853192912071,0.0623929592105166
0.6899999999999981,0.0,0.9546429797984638,0.06254870777789631
0.6833333333333313,0.0,0.9333778794995006,0.0612768048668119
0.6766666666666646,0.0,0.8939513424678149,0.056856418492296584
0.6699999999999979,0.0,0.8037482117545246,0.044717030457346305
0.33000000000000007,0.0,0.803748044078909,0.04471700112674543
0.3233333333333334,0.0,0.8939509513485442,0.056856337149554154
0.31666666666666676,0.0,0.9333775665982742,0.06127672434220749
0.3100000000000001,0.0,0.95464244839942,0.06254858304464694
0.30333333333333345,0.0,0.9674858884497817,0.062393077692861884
0.2966666666666668,0.0,0.9758040408843316,0.06154079506239964
0.29000000000000015,0.0,0.981473813820728,0.060339462205226686
0.2833333333333335,0.0,0.985472516091279,0.058959108328442277
0.27666666666666684,0.0,0.988398976633167,0.05749625088811942
0.2700000000000002,0.0,0.9905810735972024,0.05599514431632547
0.26333333333333353,0.0,0.9922310977103798,0.05448074931404251
0.2566666666666669,0.0,0.9935171942125945,0.05297115545972985
0.2500000000000002,0.0,0.9945423787457844,0.051474319274148056
0.24333333333333354,0.0,0.9953564018742888,0.04998973453669754
0.23666666666666686,0.0,0.9960026383857589,0.04851811192381632
0.23000000000000018,0.0,0.9965282913648529,0.047060925173679304
0.2233333333333335,0.0,0.9969831226129522,0.045621503683315745
0.2166666666666668,0.0,0.997372983175353,0.04419580772889251
0.21000000000000013,0.0,0.9977001951668588,0.042780784070229574
0.20333333333333345,0.0,0.9979726173248955,0.041375023016158495
0.19666666666666677,0.0,0.9981985480276028,0.039977392915094404
0.19000000000000009,0.0,0.9983874269805803,0.038587192974955054
0.1833333333333334,0.0,0.9985466838495515,0.03720354365460386
0.17666666666666672,0.0,0.9986854551019041,0.03582612725008233
0.17000000000000004,0.0,0.9988111624778787,0.03445455106403128
0.16333333333333336,0.0,0.9989300340950028,0.03308849735719656
0.15666666666666668,0.0,0.9990439350904919,0.03172721441063366
0.15,0.0,0.9991481319061516,0.030369310772346014
0.1433333333333333,0.0,0.9992342893514129,0.029013174708661642
0.13666666666666663,0.0,0.999308921912742,0.027658952374090984
0.12999999999999995,0.0,0.9993817307691675,0.02630700414866003
0.12333333333333328,0.0,0.9994476240166675,0.02495631532537654
0.11666666666666661,0.0,0.9995065796420965,0.023606600286565048
0.10999999999999995,0.0,0.9995587506206145,0.02225760271270344
0.10333333333333328,0.0,0.9996043379812156,0.020909099775759332
0.09666666666666661,0.0,0.9996436056262932,0.01956090212200555
0.08999999999999994,0.0,0.9996769019436126,0.018212853854837053
0.08333333333333327,0.0,0.9997046920172905,0.01686483251775006
0.0766666666666666,0.0,0.9997276068909604,0.015516749077717563
0.06999999999999994,0.0,0.999746521251039,0.014168547909347433
0.06333333333333327,0.0,0.9997594123064072,0.012819998554450667
0.0566666666666666,0.0,0.9997691157596168,0.011471235035913695
0.04999999999999993,0.0,0.9997831805424762,0.010122585750164627
0.043333333333333265,0.0,0.9998042607019788,0.008773996544445557
0.0366666666666666,0.0,0.9998359729952108,0.007425410905146417
0.02999999999999993,0.0,0.9998743050552665,0.0060764368903495625
0.02333333333333326,0.0,0.9999288869069689,0.0047272073413825635
0.016666666666666594,0.0,1.0000269220478943,0.0033779332018675254
0.009999999999999926,0.0,1.0002180213712553,0.0020281681403129075
0.003333333333333257,0.0,1.000788318322204,0.0006774550304523036
0.6666666666666667,-0.0011111111111111111,0.6536126571638224,0.021481387058987538
0.6666666666666667,-0.003333333333333333,0.7191121846002512,0.025820676824011776
0.6666666666666667,-0.005555555555555555,0.7663924961237113,0.029140229955563854
0.6666666666666667,-0.0077777777777777776,0.8011568166593349,0.03151965043102415
0.6666666666666667,-0.01,0.8276748233508592,0.033175006020142006
0.6666666666666667,-0.012222222222222223,0.848543710829296,0.034286351678122176
0.6666666666666667,-0.014444444444444446,0.8653741658975429,0.03498782481106398
0.6666666666666667,-0.016666666666666666,0.8792109757570702,0.0353781037295071
0.6666666666666667,-0.01888888888888889,0.8907675059496349,0.035530974048848404
0.6666666666666667,-0.021111111111111112,0.9005367051668887,0.03550070617056089
0.6666666666666667,-0.023333333333333334,0.9088894554209339,0.03533021375028198
0.6666666666666667,-0.025555555555555557,0.9160881781901181,0.03505063508819452
0.6666666666666667,-0.02777777777777778,0.9223423853390672,0.03468741059004438
0.6666666666666667,-0.030000000000000002,0.9278112529217638,0.03426002591720687
0.6666666666666667,-0.03222222222222222,0.9326112929234601,0.03378272943494906
0.6666666666666667,-0.034444444444444444,0.9368635183496852,0.03327017357355527
0.6666666666666667,-0.03666666666666667,0.9406344519629765,0.03273028313097296
0.6666666666666667,-0.03888888888888889,0.9439847724332306,0.03217021253445305
0.6666666666666667,-0.04111111111111111,0.9469706941546306,0.031596395643456274
0.6666666666666667,-0.043333333333333335,0.949642091072771,0.031014348005664712
0.6666666666666667,-0.04555555555555556,0.9520394311217474,0.03042842871673222
0.6666666666666667,-0.04777777777777778,0.954190045497514,0.02984141253671486
0.6666666666666667,-0.05,0.9561122947303681,0.02925505276689732
0.6666666666666667,-0.052222222222222225,0.9578296717954519,0.02867158320691373
0.6666666666666667,-0.05444444444444445,0.9593618233746034,0.028092843465440994
0.6666666666666667,-0.05666666666666667,0.9607173382194241,0.027519514699523264
0.6666666666666667,-0.05888888888888889,0.9619188167858881,0.0269535892573628
0.6666666666666667,-0.061111111111111116,0.962960967934791,0.02639439486959089
0.6666666666666667,-0.06333333333333334,0.9638523572314708,0.025842696809243997
0.6666666666666667,-0.06555555555555556,0.9645950731514196,0.025298626340294523
0.6666666666666667,-0.06777777777777778,0.965187482926289,0.024762053371519478
0.6666666666666667,-0.07,0.9656242873428317,0.02423264834545477
0.6666666666666667,-0.07222222222222223,0.9658959177637999,0.02370979667773549
0.6666666666666667,-0.07444444444444445,0.9659878347886579,0.02319262120745825
0.6666666666666667,-0.07666666666666667,0.9658808796180751,0.022680096043771084
0.6666666666666667,-0.0788888888888889,0.9655492849752908,0.022170833451033493
0.6666666666666667,-0.08111111111111112,0.96496096806975,0.021663182821276515
0.6666666666666667,-0.08333333333333334,0.9640607518884389,0.02115418899079555
0.6666666666666667,-0.08555555555555557,0.9627953209922936,0.020641406268284018
0.6666666666666667,-0.08777777777777779,0.9610659025262585,0.02011967004588277
0.6666666666666667,-0.09000000000000001,0.9587586180369588,0.019583621066812582
0.6666666666666667,-0.09222222222222223,0.9557133511431002,0.01902580754725486
0.6666666666666667,-0.09444444444444446,0.9516932677978565,0.01843524268578462
0.6666666666666667,-0.09666666666666668,0.9463703854479087,0.01779740664142884
0.6666666666666667,-0.0988888888888889,0.9392293333406423,0.017089815745224394
0.6666666666666667,-0.10111111111111112,0.9294984387463219,0.016281019017835505
0.6666666666666667,-0.10333333333333335,0.9158994044853797,0.015321992949842683
0.6666666666666667,-0.10555555555555557,0.8962436290640878,0.014137407314948466
0.6666666666666667,-0.10777777777777779,0.8666319583621607,0.012615878949764127
0.6666666666666667,-0.11000000000000001,0.8210141979792032,0.010656473324729007
0.6666666666666667,-0.22333333333333333,0.7401548134763909,0.002897048189955261
0.6666666666666667,-0.22555555555555554,0.7954975469102004,0.0033748236433204727
0.6666666666666667,-0.22777777777777775,0.8340340817399173,0.003707614444982753
0.6666666666666667,-0.22999999999999995,0.861430160289009,0.003920319402409605
0.6666666666666667,-0.23222222222222216,0.8817128237554549,0.004046759589060127
0.6666666666666667,-0.23444444444444437,0.8972615766736511,0.004111905820337707
0.6666666666666667,-0.23666666666666658,0.9095092883594581,0.0041328727476269336
0.6666666666666667,-0.2388888888888888,0.9193833107603113,0.00412179588373111
0.6666666666666667,-0.241111111111111,0.9274820968194406,0.004086938031780053
0.6666666666666667,-0.2433333333333332,0.9342189913474716,0.00403424779508688
0.6666666666666667,-0.24555555555555542,0.9398897538404853,0.003968116552840009
0.6666666666666667,-0.24777777777777762,0.9446988323786162,0.0038915828299252516
0.6666666666666667,-0.24999999999999983,0.9488458633866,0.0038076333080538497
0.6666666666666667,-0.25222222222222207,0.9524453503743274,0.0037179914473947865
0.6666666666666667,-0.2544444444444443,0.9556092834988038,0.003624222594132353
0.6666666666666667,-0.25666666666666654,0.9583910003883647,0.003527129794802711
0.6666666666666667,-0.2588888888888888,0.9608434650624548,0.0034274696291758037
0.6666666666666667,-0.261111111111111,0.9630174711716984,0.003325929890292372
0.6666666666666667,-0.26333333333333325,0.9649596926402333,0.0032231103952184994
0.6666666666666667,-0.2655555555555555,0.9667105453704832,0.0031195132641175017
0.6666666666666667,-0.2677777777777777,0.9683018031420408,0.003015484493603016
0.6666666666666667,-0.26999999999999996,0.9697538882750217,0.002911223559340446
0.6666666666666667,-0.2722222222222222,0.9710752406781058,0.002806805835384857
0.6666666666666667,-0.27444444444444444,0.9722865041109929,0.0027023854068454417
0.6666666666666667,-0.27666666666666667,0.9734195006569069,0.0025982644658927847
0.6666666666666667,-0.2788888888888889,0.9744577015158539,0.002494280939682269
0.6666666666666667,-0.28111111111111114,0.9754399532668162,0.0023906807939882853
0.6666666666666667,-0.2833333333333334,0.9763643553822439,0.002287396263427543
0.6666666666666667,-0.2855555555555556,0.9772320775931912,0.002184394453715777
0.6666666666666667,-0.28777777777777785,0.9780444647680286,0.002081645195981809
0.6666666666666667,-0.2900000000000001,0.9788030390552581,0.001979121004922383
0.6666666666666667,-0.2922222222222223,0.9795095046785656,0.0018767970382552103
0.6666666666666667,-0.29444444444444456,0.9801657567614542,0.0017746510585781843
0.6666666666666667,-0.2966666666666668,0.9807738961781552,0.0016726633986643097
0.6666666666666667,-0.29888888888888904,0.9813362534034439,0.0015708169311280224
0.6666666666666667,-0.3011111111111113,0.9818554259128703,0.001469097043291741
0.6666666666666667,-0.3033333333333335,0.9823343363133467,0.0013674916179633489
0.6666666666666667,-0.30555555555555575,0.982776322900038,0.0012659910207047302
0.6666666666666667,-0.307777777777778,0.9831836741650807,0.00116457748789767
0.6666666666666667,-0.3100000000000002,0.9835600052731787,0.001063242669164691
0.6666666666666667,-0.31222222222222246,0.983908657782655,0.0009619752963057903
0.6666666666666667,-0.3144444444444447,0.9842327243850041,0.0008607622590081498
0.6666666666666667,-0.31666666666666693,0.9845348698858809,0.0007595886938960208
0.6666666666666667,-0.31888888888888917,0.9848169965001101,0.0006584380854251948
0.6666666666666667,-0.3211111111111114,0.9850795543060713,0.0005572757083179289
0.6666666666666667,-0.32333333333333364,0.9853199437787098,0.00045608358168824713
0.6666666666666667,-0.3255555555555559,0.9855281940266575,0.000354838386169596
0.6666666666666667,-0.3277777777777781,0.9857075876891895,0.00025353538399847163
0.6666666666666667,-0.33000000000000035,0.9858313210407504,0.00015215551340671342
0.6666666666666667,-0.3322222222222226,0.9859165870296218,5.072879890011393e-05
0.6655555555555557,-0.3333333333333333,1.0203299941739876,6.052711198508697e-05
0.6633333333333334,-0.3333333333333333,1.0205951306045578,0.00018167960162630603
0.6611111111111112,-0.3333333333333333,1.020589445247611,0.00030261457299111824
0.658888888888889,-0.3333333333333333,1.0204343294094556,0.0004230940361529598
0.6566666666666667,-0.3333333333333333,1.0202203725602916,0.0005430199330799485
0.6544444444444445,-0.3333333333333333,1.0199581192252472,0.0006622714320822871
0.6522222222222223,-0.3333333333333333,1.0196605874624172,0.0007807451028645943
0.65,-0.3333333333333333,1.0193333930710082,0.0008983247466238477
0.6477777777777778,-0.3333333333333333,1.0189789834562322,0.0010149278040810785
0.6455555555555555,-0.3333333333333333,1.0185981977192593,0.0011304607721645068
0.6433333333333333,-0.3333333333333333,1.018190934845262,0.0012448332015378594
0.6411111111111111,-0.3333333333333333,1.0177564725370198,0.001357957148476389
0.6388888888888888,-0.3333333333333333,1.0172936320951131,0.0014697466387907099
0.6366666666666666,-0.3333333333333333,1.016801643881409,0.0015801240784617892
0.6344444444444444,-0.3333333333333333,1.0162816526601397,0.0016890360342485568
0.6322222222222221,-0.3333333333333333,1.0157328442270555,0.0017964197274618803
0.6299999999999999,-0.3333333333333333,1.0151544164196726,0.0019022182911980123
0.6277777777777777,-0.3333333333333333,1.0145455501645608,0.002006380528365167
0.6255555555555554,-0.3333333333333333,1.0139053903843613,0.0021088606726703146
0.6233333333333332,-0.3333333333333333,1.013233033247465,0.002209618152933043
0.621111111111111,-0.3333333333333333,1.012527517629577,0.002308617361081371
0.6188888888888887,-0.3333333333333333,1.0117878194624914,0.0024058274241741135
0.6166666666666665,-0.3333333333333333,1.0110128481289409,0.0025012219807845977
0.6144444444444442,-0.3333333333333333,1.010201444360331,0.00259477896206839
0.612222222222222,-0.3333333333333333,1.009352379282349,0.002686480377824555
0.6099999999999998,-0.3333333333333333,1.0084637348516774,0.0027763051152350443
0.6077777777777775,-0.3333333333333333,1.0075143395338158,0.002864081857961597
0.6055555555555553,-0.3333333333333333,1.0065090828905405,0.002949839647952682
0.603333333333333,-0.3333333333333333,1.0054279315154633,0.0030333559586659814
0.6011111111111108,-0.3333333333333333,1.004254993644613,0.0031144842803130022
0.5988888888888886,-0.3333333333333333,1.0029820037527943,0.003193133189499924
0.5966666666666663,-0.3333333333333333,1.0015920468846606,0.003269124999297802
0.5944444444444441,-0.3333333333333333,1.0000599217247017,0.00334218353512739
0.5922222222222219,-0.3333333333333333,0.9983534111349475,0.0034119272602314457
0.5899999999999996,-0.3333333333333333,0.9964344048331105,0.0034779044365989948
0.5877777777777774,-0.3333333333333333,0.9942599254773965,0.0035395984364730167
0.5855555555555552,-0.3333333333333333,0.9917830996041871,0.003596438597723407
0.5833333333333329,-0.3333333333333333,0.988954105816661,0.0036478133703779195
0.5811111111111107,-0.3333333333333333,0.9856777401059686,0.0036925754670796367
0.5788888888888885,-0.3333333333333333,0.9818528059248021,0.0037294665056597453
0.5766666666666662,-0.3333333333333333,0.9773062127741595,0.003756295261138372
0.574444444444444,-0.3333333333333333,0.9718522558940192,0.003770806419499255
0.5722222222222217,-0.3333333333333333,0.9652214884294594,0.003769711481601427
0.5699999999999995,-0.3333333333333333,0.9570335239723186,0.0037485052563374648
0.5677777777777773,-0.3333333333333333,0.9467317148918503,0.0037008388684773618
0.565555555555555,-0.3333333333333333,0.9334466219352868,0.0036172330291226133
0.5633333333333328,-0.3333333333333333,0.915814080520908,0.003484000186194978
0.5611111111111106,-0.3333333333333333,0.8915360415497723,0.0032806095211665807
0.5588888888888883,-0.3333333333333333,0.856648964682421,0.002978185607458639
0.5566666666666661,-0.3333333333333333,0.8053597915521687,0.00255314033359037
0.44333333333333336,-0.3333333333333333,0.8053541728795269,0.002553093186927809
0.4411111111111111,-0.3333333333333333,0.8566453589743664,0.0029781520009012517
0.4388888888888889,-0.3333333333333333,0.8915338244374537,0.0032805897799287587
0.43666666666666665,-0.3333333333333333,0.9158126513592771,0.003483987538361734
0.4344444444444444,-0.3333333333333333,0.9334458148186381,0.003617228662691289
0.4322222222222222,-0.3333333333333333,0.9467309608967808,0.0037008335710859625
0.42999999999999994,-0.3333333333333333,0.9570328533234874,0.0037484997424819914
0.4277777777777777,-0.3333333333333333,0.9652209669927642,0.0037697076869868326
0.42555555555555546,-0.3333333333333333,0.9718520046111283,0.0037708069097684657
0.42333333333333323,-0.3333333333333333,0.9773061403121079,0.0037562986655614414
0.421111111111111,-0.3333333333333333,0.9818526739822967,0.003729468465302374
0.41888888888888876,-0.3333333333333333,0.985677468974233,0.0036925744820444045
0.4166666666666665,-0.3333333333333333,0.9889538893918821,0.0036478128736986744
0.4144444444444443,-0.3333333333333333,0.9917828762711954,0.003596437865365939
0.41222222222222205,-0.3333333333333333,0.9942597053393901,0.003539597614344568
0.4099999999999998,-0.3333333333333333,0.9964342177990314,0.003477904040278729
0.4077777777777776,-0.3333333333333333,0.9983532769816432,0.003411927626048442
0.40555555555555534,-0.3333333333333333,1.0000598515869887,0.0033421848439010938
0.4033333333333331,-0.3333333333333333,1.0015920442143105,0.0032691272936005962
0.40111111111111086,-0.3333333333333333,1.0029820647107928,0.00319313639855652
0.3988888888888886,-0.3333333333333333,1.0042551068702956,0.0031144881781619074
0.3966666666666664,-0.3333333333333333,1.005428077192196,0.0030333602137594977
0.39444444444444415,-0.3333333333333333,1.006509229956761,0.0029498437945351444
0.3922222222222219,-0.3333333333333333,1.007514446798943,0.0028640853015709047
0.3899999999999997,-0.3333333333333333,1.0084637449342821,0.0027763070957698213
0.38777777777777744,-0.3333333333333333,1.0093523296657398,0.0026864814940200958
0.3855555555555552,-0.3333333333333333,1.0102014207905128,0.002594780375589606
0.38333333333333297,-0.3333333333333333,1.0110128427036273,0.0025012235700010905
0.38111111111111073,-0.3333333333333333,1.011787826066397,0.0024058290989818483
0.3788888888888885,-0.3333333333333333,1.0125275317352276,0.0023086190576278257
0.37666666666666626,-0.3333333333333333,1.0132330517216832,0.0022096198287294864
0.374444444444444,-0.3333333333333333,1.0139054113004067,0.0021088623021029763
0.3722222222222218,-0.3333333333333333,1.014545572619906,0.0020063820986161718
0.36999999999999955,-0.3333333333333333,1.0151544403593438,0.0019022197985854167
0.3677777777777773,-0.3333333333333333,1.0157328702725226,0.0017964211742076048
0.3655555555555551,-0.3333333333333333,1.0162816819437592,0.0016890374256816531
0.36333333333333284,-0.3333333333333333,1.0168016778864988,0.0015801254206636271
0.3611111111111106,-0.3333333333333333,1.0172936725019737,0.00146974793668793
0.35888888888888837,-0.3333333333333333,1.01775652202104,0.0013579584116431617
0.35666666666666613,-0.3333333333333333,1.0181909963883107,0.0012448344369189624
0.3544444444444439,-0.3333333333333333,1.0185982739648305,0.0011304619791706798
0.35222222222222166,-0.3333333333333333,1.0189790764624165,0.0010149289740043988
0.3499999999999994,-0.3333333333333333,1.0193335041084117,0.0008983258630699088
0.3477777777777772,-0.3333333333333333,1.0196607168952583,0.0007807461432085684
0.34555555555555495,-0.3333333333333333,1.0199582665638613,0.0006622723695641509
0.3433333333333327,-0.3333333333333333,1.020220536912248,0.000543020738076444
0.3411111111111105,-0.3333333333333333,1.0204345110131352,0.00042309468345759325
0.33888888888888824,-0.3333333333333333,1.0205896699567678,0.0003026150658605734
0.336666666666666,-0.3333333333333333,1.0205954695428865,0.00018167995145476816
0.33444444444444377,-0.3333333333333333,1.0203306316464087,6.052728251266697e-05
0.3333333333333334,-0.3322222222222222,0.9859171214096821,5.072892231487995e-05
0.3333333333333334,-0.32999999999999996,0.9858315676816347,0.00015215574054757664
0.3333333333333334,-0.3277777777777777,0.9857077134822498,0.00025353566859820115
0.3333333333333334,-0.3255555555555555,0.9855282697622297,0.0003548387326236782
0.3333333333333334,-0.32333333333333325,0.9853200005268368,0.0004560840005570558
0.3333333333333334,-0.321111111111111,0.9850795973278288,0.0005572761937504074
0.3333333333333334,-0.3188888888888888,0.9848170285251934,0.0006584386305114386
0.3333333333333334,-0.31666666666666654,0.9845348925968903,0.0007595892939377186
0.3333333333333334,-0.3144444444444443,0.984232738994142,0.0008607629103633079
0.3333333333333334,-0.31222222222222207,0.9839086652739785,0.0009619759963598895
0.3333333333333334,-0.30999999999999983,0.9835600065014979,0.001063243416562706
0.3333333333333334,-0.3077777777777776,0.9831836698863802,0.0011645782826171039
0.3333333333333334,-0.30555555555555536,0.9827763137664741,0.0012659918639704184
0.3333333333333334,-0.3033333333333331,0.9823343227907516,0.0013674925115547054
0.3333333333333334,-0.3011111111111109,0.981855407575494,0.0014690979834463584
0.3333333333333334,-0.29888888888888865,0.9813362294707544,0.0015708179114562694
0.3333333333333334,-0.2966666666666664,0.9807738655207707,0.0016726644095895638
0.3333333333333334,-0.2944444444444442,0.9801657178988664,0.001774652086712556
0.3333333333333334,-0.29222222222222194,0.9795094557716751,0.0018767980657128376
0.3333333333333334,-0.2899999999999997,0.9788029778957176,0.001979122008572694
0.3333333333333334,-0.28777777777777747,0.9780443887657294,0.0020816461466452605
0.3333333333333334,-0.28555555555555523,0.9772319837628285,0.002184395315304635
0.3333333333333334,-0.283333333333333,0.9763642403296258,0.00228739699203443
0.3333333333333334,-0.28111111111111076,0.9754398131754151,0.0023906813369253157
0.3333333333333334,-0.2788888888888885,0.9744575321339605,0.0024942812344734924
0.3333333333333334,-0.2766666666666663,0.9734191739931262,0.002598262727323552
0.3333333333333334,-0.27444444444444405,0.9722862005841739,0.002702384104925987
0.3333333333333334,-0.2722222222222218,0.9710751989473213,0.002806808247531457
0.3333333333333334,-0.2699999999999996,0.9697540828186305,0.0029112296271211467
0.3333333333333334,-0.26777777777777734,0.9683021055790302,0.00301549250998346
0.3333333333333334,-0.2655555555555551,0.9667107908541689,0.0031195208323195034
0.3333333333333334,-0.26333333333333286,0.9649597414850081,0.003223115313356216
0.3333333333333334,-0.2611111111111106,0.9630172399400994,0.0033259305358908837
0.3333333333333334,-0.2588888888888884,0.9608429393904441,0.003427465490495874
0.3333333333333334,-0.25666666666666615,0.9583902329706179,0.003527121541675345
0.3333333333333334,-0.2544444444444439,0.9556083800267458,0.0036242119794832814
0.3333333333333334,-0.2522222222222217,0.9524444457240104,0.0037179809886996973
0.3333333333333334,-0.24999999999999947,0.9488450899574504,0.0038076257565691045
0.3333333333333334,-0.24777777777777726,0.9446984009983868,0.0038915826723065596
0.3333333333333334,-0.24555555555555506,0.9398893990814229,0.003968119111358604
0.3333333333333334,-0.24333333333333285,0.934218387489083,0.004034246153386096
0.3333333333333334,-0.24111111111111064,0.9274811024162029,0.004086929124751521
0.3333333333333334,-0.23888888888888843,0.9193820271344676,0.004121782072256064
0.3333333333333334,-0.23666666666666622,0.9095078742601319,0.004132858645369442
0.3333333333333334,-0.234444444444444,0.8972600647688054,0.004111894752228788
0.3333333333333334,-0.2322222222222218,0.8817106085223508,0.0040467370956456805
0.3333333333333334,-0.2299999999999996,0.861426670956846,0.003920276106549216
0.3333333333333334,-0.22777777777777738,0.8340285992930897,0.003707548241985903
0.3333333333333334,-0.22555555555555518,0.7954899750131373,0.003374737044008501
0.3333333333333334,-0.22333333333333297,0.7401454324746678,0.002896958655847649
0.3333333333333334,-0.11,0.8210128307083051,0.010656423594215517
0.3333333333333334,-0.10777777777777778,0.8666310281868592,0.012615840077111437
0.3333333333333334,-0.10555555555555556,0.8962433986489944,0.014137399032212826
0.3333333333333334,-0.10333333333333333,0.9158996827104358,0.015322012578281013
0.3333333333333334,-0.10111111111111111,0.929498453741923,0.016281026410504326
0.3333333333333334,-0.09888888888888889,0.9392298525880669,0.01708984385425404
0.3333333333333334,-0.09666666666666666,0.9463680482987347,0.017797255099892065
0.3333333333333334,-0.09444444444444444,0.9516947228630884,0.018435336476374953
0.3333333333333334,-0.09222222222222222,0.9557142951463078,0.019025877815573505
0.3333333333333334,-0.09,0.9587598890136337,0.019583704339657396
0.3333333333333334,-0.08777777777777777,0.9610661179676769,0.02011966982553371
0.3333333333333334,-0.08555555555555555,0.9627944802231463,0.02064133234325343
0.3333333333333334,-0.08333333333333333,0.9640645824390617,0.021154474451041842
0.3333333333333334,-0.0811111111111111,0.9649619875802485,0.0216632755367192
0.3333333333333334,-0.07888888888888888,0.965551093163059,0.02217096823664026
0.3333333333333334,-0.07666666666666666,0.9658812754182232,0.022680131898803052
0.3333333333333334,-0.07444444444444444,0.9659869464625873,0.023192552192936568
0.3333333333333334,-0.07222222222222222,0.9658940586442597,0.023709624879317086
0.3333333333333334,-0.06999999999999999,0.9656225380837584,0.024232478960166243
0.3333333333333334,-0.06777777777777777,0.9651865825200926,0.02476195843184549
0.3333333333333334,-0.06555555555555555,0.9645951793531565,0.025298613701384975
0.3333333333333334,-0.06333333333333332,0.9638530564231734,0.025842754687090522
0.3333333333333334,-0.0611111111111111,0.9629614864419087,0.026394452977778236
0.3333333333333334,-0.05888888888888888,0.9619193828888634,0.026953640772982703
0.3333333333333334,-0.05666666666666666,0.9607227506528977,0.027520009959185358
0.3333333333333334,-0.054444444444444434,0.9593632714083952,0.028092994242547898
0.3333333333333334,-0.05222222222222221,0.9578327188521687,0.028671954107317543
0.3333333333333334,-0.04999999999999999,0.9561094424307984,0.02925477587428198
0.3333333333333334,-0.047777777777777766,0.9541811420286492,0.02984039901803519
0.3333333333333334,-0.045555555555555544,0.9520299172494651,0.030427368541798845
0.3333333333333334,-0.04333333333333332,0.9496386132551179,0.0310139766057859
0.3333333333333334,-0.0411111111111111,0.9469752983356295,0.031596947730772845
0.3333333333333334,-0.038888888888888876,0.9439962048106094,0.03217156608106512
0.3333333333333334,-0.03666666666666665,0.9406485752560727,0.03273194372393832
0.3333333333333334,-0.03444444444444443,0.9368736443417627,0.033271368630097164
0.3333333333333334,-0.03222222222222221,0.9326094460274783,0.033782563077198444
0.3333333333333334,-0.029999999999999985,0.9277935444821538,0.03425792232463393
0.3333333333333334,-0.027777777777777762,0.9223342795180204,0.03468634143853351
0.3333333333333334,-0.02555555555555554,0.9160768564861408,0.03504927586151221
0.3333333333333334,-0.023333333333333317,0.9088952399103963,0.03533101186206278
0.3333333333333334,-0.021111111111111094,0.9005359936772646,0.035500689141673133
0.3333333333333334,-0.018888888888888872,0.890763578252198,0.035530524473964036
0.3333333333333334,-0.01666666666666665,0.879204312143808,0.0353772260260555
0.3333333333333334,-0.014444444444444426,0.8653789962047483,0.034988439167840266
0.3333333333333334,-0.012222222222222204,0.8485380975177461,0.03428566350126666
0.3333333333333334,-0.009999999999999981,0.827671652390908,0.033174653967838044
0.3333333333333334,-0.0077777777777777585,0.8011579123254318,0.031519808202846375
0.3333333333333334,-0.005555555555555536,0.7663921928685851,0.02914021886516925
0.3333333333333334,-0.0033333333333333136,0.7191129936272771,0.02582078433903994
0.3333333333333334,-0.0011111111111110914,0.6536126037794072,0.02148140788465224
0.6677777777777778,-0.1111111111111111,0.4118982011773478,0.0008905111104365964
0.67,-0.1111111111111111,0.49088643493967526,0.0010883858812516882
0.6722222222222223,-0.1111111111111111,0.5505234414193132,0.001242563761886875
0.6744444444444445,-0.1111111111111111,0.5960528814399023,0.0013508015778522422
0.6766666666666667,-0.1111111111111111,0.6318765960728098,0.0014205566629806735
0.678888888888889,-0.1111111111111111,0.6608091643530158,0.0014596346800816126
0.6811111111111112,-0.1111111111111111,0.6846462968130042,0.001474576869547386
0.6833333333333335,-0.1111111111111111,0.7046299399565683,0.001470927326464675
0.6855555555555557,-0.1111111111111111,0.721582909438275,0.0014528680318140325
0.6877777777777779,-0.1111111111111111,0.7360990290873312,0.0014237593998999
0.6900000000000002,-0.1111111111111111,0.748619346866022,0.0013863209457807366
0.6922222222222224,-0.1111111111111111,0.7594496862701626,0.00134253567429518
0.6944444444444446,-0.1111111111111111,0.7689469969046725,0.0012946235519940656
0.6966666666666669,-0.1111111111111111,0.7773096443522283,0.0012439313077304284
0.6988888888888891,-0.1111111111111111,0.7847549407479064,0.001191704330632037
0.7011111111111114,-0.1111111111111111,0.7913447982078207,0.0011384930703047529
0.7033333333333336,-0.1111111111111111,0.7971612435362607,0.001084874501457854
0.7055555555555558,-0.1111111111111111,0.8023006718964708,0.0010314157148198903
0.7077777777777781,-0.1111111111111111,0.8068655680728597,0.0009786372595289002
0.7100000000000003,-0.1111111111111111,0.8109534087517808,0.000926991212042321
0.7122222222222225,-0.1111111111111111,0.8146423346354223,0.0008767601639641755
0.7144444444444448,-0.1111111111111111,0.8179729958391254,0.0008280643113953725
0.716666666666667,-0.1111111111111111,0.8209399164736426,0.000780883968491458
0.7188888888888892,-0.1111111111111111,0.8236007357521135,0.0007353182165475014
0.7211111111111115,-0.1111111111111111,0.8260961693899672,0.0006917226711865502
0.7233333333333337,-0.1111111111111111,0.8282708027396612,0.0006496913664373857
0.725555555555556,-0.1111111111111111,0.830350163443227,0.0006095951870801647
0.7277777777777782,-0.1111111111111111,0.8322822332841194,0.0005712126399640408
0.7300000000000004,-0.1111111111111111,0.834054674601652,0.0005344416461179036
0.7322222222222227,-0.1111111111111111,0.8356571469135197,0.0004991885953206593
0.7344444444444449,-0.1111111111111111,0.8370817531752003,0.00046536793046097065
0.7366666666666671,-0.1111111111111111,0.8383235014535136,0.0004329016502618068
0.7388888888888894,-0.1111111111111111,0.8393807831141423,0.0004017187331809236
0.7411111111111116,-0.1111111111111111,0.840255875129814,0.0003717544906042336
0.7433333333333338,-0.1111111111111111,0.840955484819807,0.0003429498627382255
0.7455555555555561,-0.1111111111111111,0.8414913725792352,0.0003152506754110872
0.7477777777777783,-0.1111111111111111,0.8418811161077011,0.0002886068798460712
0.7500000000000006,-0.1111111111111111,0.8421491260159937,0.0002629717999619136
0.7522222222222228,-0.1111111111111111,0.8423325718940752,0.00023830744418184887
0.754444444444445,-0.1111111111111111,0.8424566954079029,0.0002145481324419743
0.7566666666666673,-0.1111111111111111,0.8425523004827328,0.00019162974778352945
0.7588888888888895,-0.1111111111111111,0.8426518054339469,0.00016948408882737175
0.7611111111111117,-0.1111111111111111,0.8427876302727002,0.000148038106362678
0.763333333333334,-0.1111111111111111,0.8429893565447253,0.00012721316913686854
0.7655555555555562,-0.1111111111111111,0.8432781538148405,0.00010689991661921313
0.7677777777777784,-0.1111111111111111,0.8436542797334081,8.699595309732183e-05
0.7700000000000007,-0.1111111111111111,0.8440639119409958,6.739888987366321e-05
0.7722222222222229,-0.1111111111111111,0.8446668910904195,4.804443365001108e-05
0.7744444444444452,-0.1111111111111111,0.8456311058784176,2.8835765262924197e-05
0.7766666666666674,-0.1111111111111111,0.8485784435894856,9.694213800427597e-06
0.7777777777777779,-0.11222222222222221,1.1342343108529753,4.2303273151937475e-05
0.7777777777777779,-0.11444444444444443,1.137083073155627,0.0001277505998631015
0.7777777777777779,-0.11666666666666665,1.1381571021340353,0.00021278156532196531
0.7777777777777779,-0.11888888888888888,1.1380881225684885,0.00029617473158591475
0.7777777777777779,-0.1211111111111111,1.1377476219445464,0.0003777189105011799
0.7777777777777779,-0.12333333333333332,1.1371974980804165,0.00045698400118541723
0.7777777777777779,-0.12555555555555553,1.1365368782643748,0.0005336395921715135
0.7777777777777779,-0.12777777777777774,1.1358106496443316,0.0006072667357359084
0.7777777777777779,-0.12999999999999995,1.1350408558624214,0.0006776134018309728
0.7777777777777779,-0.13222222222222216,1.1342382348011029,0.0007444000527488788
0.7777777777777779,-0.13444444444444437,1.1334071062549576,0.0008073620462978609
0.7777777777777779,-0.13666666666666658,1.1325476357207593,0.0008662478225867472
0.7777777777777779,-0.13888888888888878,1.1316569221754715,0.000920817141490663
0.7777777777777779,-0.141111111111111,1.130747603723958,0.0009709389146105132
0.7777777777777779,-0.1433333333333332,1.1298291966056626,0.0010165044352756266
0.7777777777777779,-0.1455555555555554,1.128907932359328,0.0010574192489217053
0.7777777777777779,-0.14777777777777762,1.1279893839211774,0.0010936131760488333
0.7777777777777779,-0.14999999999999983,1.1270787564259925,0.0011250394993372822
0.7777777777777779,-0.15222222222222204,1.1261811038660152,0.001151674160487435
0.7777777777777779,-0.15444444444444425,1.1253015019013126,0.0011735149660280515
0.7777777777777779,-0.15666666666666645,1.1244451962163584,0.0011905808015098232
0.7777777777777779,-0.15888888888888866,1.1236177397245353,0.0012029108536117973
0.7777777777777779,-0.16111111111111087,1.1228251285739619,0.001210563839754736
0.7777777777777779,-0.16333333333333308,1.1220739452359605,0.0012136172448462019
0.7777777777777779,-0.1655555555555553,1.1213715164085871,0.0012121665647785314
0.7777777777777779,-0.1677777777777775,1.1207106105146851,0.0012062455249985489
0.7777777777777779,-0.1699999999999997,1.120107881427227,0.0011959843926066063
0.7777777777777779,-0.17222222222222192,1.1195325895787598,0.001181338775272297
0.7777777777777779,-0.17444444444444412,1.1190182109442168,0.0011625473913348724
0.7777777777777779,-0.17666666666666633,1.118560173284912,0.0011396914464780097
0.7777777777777779,-0.17888888888888854,1.1181610613119424,0.0011128804960380322
0.7777777777777779,-0.18111111111111075,1.1178153235856088,0.0010822053539070314
0.7777777777777779,-0.18333333333333296,1.117518129758185,0.0010477683648782252
0.7777777777777779,-0.18555555555555517,1.1172652507096963,0.0010096808695984358
0.7777777777777779,-0.18777777777777738,1.1170529585199485,0.0009680668328429515
0.7777777777777779,-0.18999999999999959,1.116877940819097,0.0009230603630685854
0.7777777777777779,-0.1922222222222218,1.116737224554869,0.0008748057465701719
0.7777777777777779,-0.194444444444444,1.116628104041015,0.0008234574875806946
0.7777777777777779,-0.1966666666666662,1.1165485640632837,0.0007691822931156927
0.7777777777777779,-0.19888888888888842,1.1164960577585732,0.0007121539061551291
0.7777777777777779,-0.20111111111111063,1.1164684719001532,0.0006525583282141274
0.7777777777777779,-0.20333333333333284,1.1164642928146362,0.0005905936768336139
0.7777777777777779,-0.20555555555555505,1.116482175076864,0.0005264685519380047
0.7777777777777779,-0.20777777777777726,1.1165201889164076,0.00046040040225947835
0.7777777777777779,-0.20999999999999946,1.1165743070618566,0.00039261131565244734
0.7777777777777779,-0.21222222222222167,1.1166349145384291,0.0003233324635245796
0.7777777777777779,-0.21444444444444388,1.1166773494099875,0.00025279584557899235
0.7777777777777779,-0.2166666666666661,1.1167146248065358,0.0001812770597410594
0.7777777777777779,-0.2188888888888883,1.1166292008858056,0.00010900773766032923
0.7777777777777779,-0.2211111111111105,1.1170303056809436,3.643562909630607e-05
0.7766666666666668,-0.2222222222222222,0.8629162546252068,9.965596629556207e-06
0.7744444444444446,-0.2222222222222222,0.8626213834491161,2.9901232838105154e-05
0.7722222222222224,-0.2222222222222222,0.8628492402611443,5.0000784951444815e-05
0.7700000000000001,-0.2222222222222222,0.8628938447921168,7.027533022411937e-05
0.7677777777777779,-0.2222222222222222,0.8629150601822468,9.081466882223691e-05
0.7655555555555557,-0.2222222222222222,0.8629312765736974,0.00011170191167102165
0.7633333333333334,-0.2222222222222222,0.862980797944502,0.0001330325235867396
0.7611111111111112,-0.2222222222222222,0.8630732725290808,0.0001549008578514326
0.758888888888889,-0.2222222222222222,0.8632072869556654,0.00017739943028163255
0.7566666666666667,-0.2222222222222222,0.863376916840397,0.0002006188118860224
0.7544444444444445,-0.2222222222222222,0.8635745765590654,0.0002246499058820852
0.7522222222222222,-0.2222222222222222,0.8637924050710456,0.00024958460655058777
0.75,-0.2222222222222222,0.8640229934487879,0.0002755164578030992
0.7477777777777778,-0.2222222222222222,0.8642594507803535,0.00030254074515836027
0.7455555555555555,-0.2222222222222222,0.8644968317298692,0.0003307571640590998
0.7433333333333333,-0.2222222222222222,0.8647308180336103,0.0003602682914735958
0.741111111111111,-0.2222222222222222,0.8649583010298829,0.0003911810342411566
0.7388888888888888,-0.2222222222222222,0.8651774212926875,0.0004236074357975994
0.7366666666666666,-0.2222222222222222,0.8653875493640482,0.0004576654863899983
0.7344444444444443,-0.2222222222222222,0.8655892251225717,0.0004934792338307499
0.7322222222222221,-0.2222222222222222,0.8657840679764691,0.0005311830379621422
0.7299999999999999,-0.2222222222222222,0.8659746669098729,0.0005709197029482083
0.7277777777777776,-0.2222222222222222,0.8661557547695022,0.0006128266675446696
0.7255555555555554,-0.2222222222222222,0.8663233834348849,0.0006570481167735431
0.7233333333333332,-0.2222222222222222,0.8664199611844796,0.0007035980107660761
0.7211111111111109,-0.2222222222222222,0.8664645098890216,0.0007526683965467988
0.7188888888888887,-0.2222222222222222,0.8664444708458282,0.0008043720067110236
0.7166666666666665,-0.2222222222222222,0.866350701148172,0.0008588320652556577
0.7144444444444442,-0.2222222222222222,0.866138913163592,0.0009160591852794106
0.712222222222222,-0.2222222222222222,0.8658025909311833,0.0009761688467952498
0.7099999999999997,-0.2222222222222222,0.8653249275995806,0.0010392343978055086
0.7077777777777775,-0.2222222222222222,0.8646743052665923,0.001105261318515334
0.7055555555555553,-0.2222222222222222,0.8638067087558188,0.001174179859890616
0.703333333333333,-0.2222222222222222,0.8626710465354879,0.0012458498273775368
0.7011111111111108,-0.2222222222222222,0.861213730408321,0.0013200663406890147
0.6988888888888886,-0.2222222222222222,0.8593815086623369,0.0013965676673075387
0.6966666666666663,-0.2222222222222222,0.8570983275198402,0.0014749183691299646
0.6944444444444441,-0.2222222222222222,0.8542526356362874,0.001554402165017674
0.6922222222222219,-0.2222222222222222,0.8507297209792304,0.0016341613724311988
0.6899999999999996,-0.2222222222222222,0.8463742418711404,0.0017129638115929442
0.6877777777777774,-0.2222222222222222,0.8409837034838882,0.0017891211381253298
0.6855555555555551,-0.2222222222222222,0.8343056373556983,0.0018604319630743224
0.6833333333333329,-0.2222222222222222,0.8259795385394716,0.0019237698380832266
0.6811111111111107,-0.2222222222222222,0.8155334008296375,0.0019750356174753295
0.6788888888888884,-0.2222222222222222,0.8022781520338361,0.0020084896074244146
0.6766666666666662,-0.2222222222222222,0.7852065122881747,0.0020162483310952155
0.674444444444444,-0.2222222222222222,0.762761694580792,0.0019872895290246116
0.6722222222222217,-0.2222222222222222,0.7324293948086531,0.0019063118594458005
0.6699999999999995,-0.2222222222222222,0.6900685261885086,0.0017536757357182486
0.6677777777777772,-0.2222222222222222,0.6301658337728822,0.0015165941197744172
0.5555555555555556,-0.33444444444444443,0.539287911278672,0.0005372183272816519
0.5555555555555556,-0.33666666666666667,0.6062323328524263,0.0006327391591777157
0.5555555555555556,-0.3388888888888889,0.6550515099256293,0.000699227513383167
0.5555555555555556,-0.34111111111111114,0.6911375238244885,0.0007393296551375285
0.5555555555555556,-0.3433333333333334,0.7187116828111383,0.0007593127223118308
0.5555555555555556,-0.3455555555555556,0.7403897265953671,0.000764470846699449
0.5555555555555556,-0.34777777777777785,0.7578034262119409,0.000758777011102212
0.5555555555555556,-0.3500000000000001,0.7720536052543691,0.000745281022347074
0.5555555555555556,-0.3522222222222223,0.7838625605066858,0.000726163318491093
0.5555555555555556,-0.35444444444444456,0.7937435921402681,0.0007030703423096331
0.5555555555555556,-0.3566666666666668,0.8020731968612203,0.0006772608797906446
0.5555555555555556,-0.35888888888888903,0.8091122786704882,0.0006496238394042949
0.5555555555555556,-0.36111111111111127,0.8151477044146851,0.000621056694357631
0.5555555555555556,-0.3633333333333335,0.8203409462541562,0.0005920901875400106
0.5555555555555556,-0.36555555555555574,0.8248623598806484,0.0005631885289348255
0.5555555555555556,-0.367777777777778,0.8287701671271669,0.0005345600209332346
0.5555555555555556,-0.3700000000000002,0.8321336054956261,0.0005064047784024949
0.5555555555555556,-0.37222222222222245,0.8350288543710969,0.00047890492206467987
0.5555555555555556,-0.3744444444444447,0.8375335420307615,0.0004522156120679596
0.5555555555555556,-0.3766666666666669,0.8397196402935471,0.0004264608155076119
0.5555555555555556,-0.37888888888888916,0.8416444730170105,0.00040170651917292795
0.5555555555555556,-0.3811111111111114,0.8433394566072353,0.00037796552424889496
0.5555555555555556,-0.38333333333333364,0.8448049311974827,0.0003552066924127469
0.5555555555555556,-0.3855555555555559,0.8460815185302882,0.0003334329357301235
0.5555555555555556,-0.3877777777777781,0.8472603708809389,0.0003127181985807534
0.5555555555555556,-0.39000000000000035,0.8482530829838589,0.0002929280510240147
0.5555555555555556,-0.3922222222222226,0.849197520695513,0.0002741318394184589
0.5555555555555556,-0.3944444444444448,0.8500607092999557,0.00025623666141074195
0.5555555555555556,-0.39666666666666706,0.8508359498276421,0.00023918773729903023
0.5555555555555556,-0.3988888888888893,0.8515178447485757,0.00022293372583086514
0.5555555555555556,-0.40111111111111153,0.852102556424343,0.00020742652148091433
0.5555555555555556,-0.40333333333333377,0.8525880745495193,0.0001926210394802547
0.5555555555555556,-0.405555555555556,0.8529744934967283,0.00017847498952122424
0.5555555555555556,-0.40777777777777824,0.8532643037854744,0.00016494863982293912
0.5555555555555556,-0.4100000000000005,0.853462707354902,0.00015200457397812245
0.5555555555555556,-0.4122222222222227,0.8535779752113646,0.00013960744365389675
0.5555555555555556,-0.41444444444444495,0.8536218806164888,0.00012772372072950713
0.5555555555555556,-0.4166666666666672,0.8536102655061443,0.00011632145276734097
0.5555555555555556,-0.4188888888888894,0.8535937568788311,0.00010538787859425227
0.5555555555555556,-0.42111111111111166,0.8535587205648558,9.486643264063425e-05
0.5555555555555556,-0.4233333333333339,0.8535254040934769,8.472352952949334e-05
0.5555555555555556,-0.42555555555555613,0.8535146114138229,7.492479652482918e-05
0.5555555555555556,-0.42777777777777837,0.8535460378557286,6.543471690894845e-05
0.5555555555555556,-0.4300000000000006,0.8536352020478172,5.621627514898427e-05
0.5555555555555556,-0.43222222222222284,0.8537872432967298,4.7222072873606654e-05
0.5555555555555556,-0.4344444444444451,0.8539827766575514,3.840787616122833e-05
0.5555555555555556,-0.4366666666666673,0.8541400521344676,2.9730510620717616e-05
0.5555555555555556,-0.43888888888888955,0.8545056703927885,2.1173410501258825e-05
0.5555555555555556,-0.4411111111111118,0.8550709633076984,1.2688171405843721e-05
0.5555555555555556,-0.443333333333334,0.859253692900439,4.284079077808376e-06
0.5544444444444445,-0.4444444444444444,1.1258976085669656,1.6935167016559917e-05
0.5522222222222223,-0.4444444444444444,1.126999963601985,5.08807852990248e-05
0.55,-0.4444444444444444,1.1286704093222604,8.501607651000257e-05
0.5477777777777778,-0.4444444444444444,1.129003126634111,0.00011861247251178356
0.5455555555555556,-0.4444444444444444,1.1289747662295522,0.00015157727377179916
0.5433333333333333,-0.4444444444444444,1.128628511783873,0.0001837093049303269
0.5411111111111111,-0.4444444444444444,1.1281465476494001,0.00021490679435196559
0.5388888888888889,-0.4444444444444444,1.1276098902204312,0.00024504699213830723
0.5366666666666666,-0.4444444444444444,1.12705788910094,0.00027404979970813896
0.5344444444444444,-0.4444444444444444,1.1265101503577972,0.0003018193230435292
0.5322222222222222,-0.4444444444444444,1.1259758823675852,0.0003282618047018504
0.5299999999999999,-0.4444444444444444,1.1254583031012595,0.000353285458430662
0.5277777777777777,-0.4444444444444444,1.124956864407329,0.00037680030076283846
0.5255555555555554,-0.4444444444444444,1.1245024697143988,0.0003987948736053244
0.5233333333333332,-0.4444444444444444,1.124067487921271,0.0004191406479385464
0.521111111111111,-0.4444444444444444,1.1236567424988095,0.0004377835563537434
0.5188888888888887,-0.4444444444444444,1.1232740968391082,0.00045467597285256113
0.5166666666666665,-0.4444444444444444,1.1229228196723438,0.0004697766358747711
0.5144444444444443,-0.4444444444444444,1.1226058384298259,0.0004830505707498959
0.512222222222222,-0.4444444444444444,1.1223259233505793,0.0004944690115420162
0.5099999999999998,-0.4444444444444444,1.1220858288463964,0.0005040093223199605
0.5077777777777776,-0.4444444444444444,1.1218884093378267,0.0005116549179147853
0.5055555555555553,-0.4444444444444444,1.1217367213943867,0.0005173951842404401
0.5033333333333331,-0.4444444444444444,1.121634120950694,0.0005212253982603889
0.5011111111111108,-0.4444444444444444,1.1215843627693152,0.0005231466476884454
0.4988888888888886,-0.4444444444444444,1.1215843669366319,0.000523146661934748
0.49666666666666637,-0.4444444444444444,1.1216341331428754,0.0005212254400428849
0.49444444444444413,-0.4444444444444444,1.12173674126427,0.0005173952522177177
0.4922222222222219,-0.4444444444444444,1.1218884365972166,0.0005116550106268115
0.48999999999999966,-0.4444444444444444,1.1220858632464,0.0005040094381495928
0.4877777777777774,-0.4444444444444444,1.1223259646647759,0.0004944691486834899
0.4855555555555552,-0.4444444444444444,1.122605886439516,0.000483050727184229
0.48333333333333295,-0.4444444444444444,1.122922874153249,0.00046977680935209856
0.4811111111111107,-0.4444444444444444,1.123274157548915,0.00045467616088133413
0.4788888888888885,-0.4444444444444444,1.1236568091649946,0.0004377837561968715
0.47666666666666624,-0.4444444444444444,1.1240675602285553,0.00041914085661645255
0.474444444444444,-0.4444444444444444,1.124502547291052,0.0003987950879059791
0.47222222222222177,-0.4444444444444444,1.1249569468092815,0.00037680051725882914
0.46999999999999953,-0.4444444444444444,1.1254583897895114,0.0003532856735388243
0.4677777777777773,-0.4444444444444444,1.1259759729258516,0.00032826201509815955
0.46555555555555506,-0.4444444444444444,1.1265102443522996,0.00030181952542019253
0.4633333333333328,-0.4444444444444444,1.127057986081915,0.00027404999080643365
0.4611111111111106,-0.4444444444444444,1.127609989738778,0.00024504716879913176
0.45888888888888835,-0.4444444444444444,1.128146649301827,0.00021490695358455535
0.4566666666666661,-0.4444444444444444,1.1286286153173943,0.0001837094443377087
0.4544444444444439,-0.4444444444444444,1.1289748717843928,0.00015157739142855614
0.45222222222222164,-0.4444444444444444,1.1290032353611212,0.00011861256687079092
0.4499999999999994,-0.4444444444444444,1.1286705213200983,8.501614571665145e-05
0.44777777777777716,-0.4444444444444444,1.1270000798376572,5.0880827832238476e-05
0.4455555555555549,-0.4444444444444444,1.125897709749954,1.6935180347419117e-05
0.4444444444444445,-0.4433333333333333,0.8592535868783134,4.2840779241725204e-06
0.4444444444444445,-0.44111111111111106,0.8550708742215666,1.2688168829330064e-05
0.4444444444444445,-0.43888888888888883,0.854505585778211,2.1173406594761276e-05
0.4444444444444445,-0.4366666666666666,0.8541399694315487,2.9730505378039085e-05
0.4444444444444445,-0.43444444444444436,0.8539826927530019,3.840786930783973e-05
0.4444444444444445,-0.4322222222222221,0.8537871578887759,4.7222064269873226e-05
0.4444444444444445,-0.4299999999999999,0.8536351150641883,5.621626468200107e-05
0.4444444444444445,-0.42777777777777765,0.8535459492558527,6.543470456071383e-05
0.4444444444444445,-0.4255555555555554,0.8535145211102365,7.492478221342794e-05
0.4444444444444445,-0.4233333333333332,0.8535253119180903,8.47235131380631e-05
0.4444444444444445,-0.42111111111111094,0.8535586262552564,9.486641400841706e-05
0.4444444444444445,-0.4188888888888887,0.8535936600748419,0.0001053878575076165
0.4444444444444445,-0.41666666666666646,0.8536101657523164,0.00011632142895084725
0.4444444444444445,-0.4144444444444442,0.8536217772804424,0.00012772369376859647
0.4444444444444445,-0.412222222222222,0.8535778676018596,0.0001396074130579357
0.4444444444444445,-0.40999999999999975,0.8534625946479603,0.00015200453910023057
0.4444444444444445,-0.4077777777777775,0.8532641850625584,0.00016494859985698076
0.4444444444444445,-0.4055555555555553,0.8529743677761517,0.00017847494349966368
0.4444444444444445,-0.40333333333333304,0.852587940812987,0.00019262098627291762
0.4444444444444445,-0.4011111111111108,0.8521024136397161,0.00020742645979460734
0.4444444444444445,-0.39888888888888857,0.8515176918895295,0.00022293365420978048
0.4444444444444445,-0.39666666666666633,0.8508357858905957,0.00023918765412577668
0.4444444444444445,-0.3944444444444441,0.8500605333184912,0.00025623656490782746
0.4444444444444445,-0.39222222222222186,0.8491973317524549,0.0002741317276500174
0.4444444444444445,-0.3899999999999996,0.8482528802211206,0.00029292792189755527
0.4444444444444445,-0.3877777777777774,0.8472601357922253,0.00031271804518259516
0.4444444444444445,-0.38555555555555515,0.8460813053122271,0.0003334327849464687
0.4444444444444445,-0.3833333333333329,0.8448046589089225,0.0003552064451435724
0.4444444444444445,-0.3811111111111107,0.8433391466984146,0.00037796522500618823
0.4444444444444445,-0.37888888888888844,0.841644154695926,0.00040170622097927887
0.4444444444444445,-0.3766666666666662,0.8397193195207656,0.0004264605248371767
0.4444444444444445,-0.37444444444444397,0.837533207302154,0.00045221529196792586
0.4444444444444445,-0.37222222222222173,0.8350284833629025,0.0004789045231594954
0.4444444444444445,-0.3699999999999995,0.8321331761928791,0.0005064042421778031
0.4444444444444445,-0.36777777777777726,0.8287696714174899,0.000534559323828082
0.4444444444444445,-0.365555555555555,0.8248618180620994,0.0005631877378637171
0.4444444444444445,-0.3633333333333328,0.8203404212797947,0.0005920895265986004
0.4444444444444445,-0.36111111111111055,0.8151473149986971,0.0006210566191114505
0.4444444444444445,-0.3588888888888883,0.8091120211836331,0.0006496243120106236
0.4444444444444445,-0.3566666666666661,0.8020730026899853,0.0006772618503856917
0.4444444444444445,-0.35444444444444384,0.7937426906380114,0.000703068713604451
0.4444444444444445,-0.3522222222222216,0.7838605892019875,0.0007261574468630271
0.4444444444444445,-0.34999999999999937,0.7720511653250977,0.0007452729077532877
0.4444444444444445,-0.34777777777777713,0.757801333967487,0.0007587701982401828
0.4444444444444445,-0.3455555555555549,0.7403882465779554,0.0007644689005269145
0.4444444444444445,-0.34333333333333266,0.7187106070087355,0.000759312588301113
0.4444444444444445,-0.3411111111111104,0.6911364677450185,0.0007393287976028902
0.4444444444444445,-0.3388888888888882,0.6550475112252893,0.0006992202108831743
0.4444444444444445,-0.33666666666666595,0.6062271007857482,0.0006327284931324613
0.4444444444444445,-0.3344444444444437,0.5392788243433514,0.0005372005981448368
0.3322222222222223,-0.2222222222222222,0.6301554464995414,0.0015165429385365454
0.33000000000000007,-0.2222222222222222,0.6900612183592696,0.0017536357060709035
0.32777777777777783,-0.2222222222222222,0.7324273480139154,0.0019063039127343142
0.3255555555555556,-0.2222222222222222,0.7627587696891424,0.0019872746393097057
0.32333333333333336,-0.2222222222222222,0.7851987045484903,0.002016195550489717
0.3211111111111111,-0.2222222222222222,0.8022668113364173,0.002008411466406164
0.3188888888888889,-0.2222222222222222,0.815513652620083,0.0019748977102601885
0.31666666666666665,-0.2222222222222222,0.8259691029190072,0.0019237043091438401
0.3144444444444444,-0.2222222222222222,0.8343054999409458,0.0018604386674383065
0.3122222222222222,-0.2222222222222222,0.840996021713148,0.0017892028231293535
0.30999999999999994,-0.2222222222222222,0.8463850319685002,0.0017130390844381943
0.3077777777777777,-0.2222222222222222,0.8507108423948269,0.0016340534789413747
0.30555555555555547,-0.2222222222222222,0.8542254681569829,0.0015542510824111927
0.30333333333333323,-0.2222222222222222,0.857070888576719,0.0014747879133617397
0.301111111111111,-0.2222222222222222,0.8593941494509811,0.0013966443959830543
0.29888888888888876,-0.2222222222222222,0.8612528725124498,0.0013202625905035686
0.2966666666666665,-0.2222222222222222,0.8627102939261712,0.0012460352488708336
0.2944444444444443,-0.2222222222222222,0.8638322293981304,0.0011742928930507648
0.29222222222222205,-0.2222222222222222,0.8646832004804543,0.0011052934231658414
0.2899999999999998,-0.2222222222222222,0.8653215930266009,0.0010392184812870904
0.2877777777777776,-0.2222222222222222,0.8657936668592263,0.0009761388585863844
0.28555555555555534,-0.2222222222222222,0.8661261701591689,0.0009160229042497452
0.2833333333333331,-0.2222222222222222,0.8663208188220991,0.0008587532203180275
0.28111111111111087,-0.2222222222222222,0.8664099928159447,0.00080427613033187
0.27888888888888863,-0.2222222222222222,0.8664480684759824,0.0007526211613222603
0.2766666666666664,-0.2222222222222222,0.866408017712312,0.0007035909724109859
0.27444444444444416,-0.2222222222222222,0.8663510982532423,0.0006571441254323533
0.2722222222222219,-0.2222222222222222,0.8662667777806192,0.0006130938987218624
0.2699999999999997,-0.2222222222222222,0.8661524230490585,0.000571292355360772
0.26777777777777745,-0.2222222222222222,0.8660061244520899,0.0005315991341940361
0.2655555555555552,-0.2222222222222222,0.8658268280388723,0.0004938810198614364
0.263333333333333,-0.2222222222222222,0.8656144731468962,0.00045801150855744277
0.26111111111111074,-0.2222222222222222,0.8653701364089139,0.00042387037026095847
0.2588888888888885,-0.2222222222222222,0.8650961844644375,0.00039134320858317574
0.25666666666666627,-0.2222222222222222,0.864796440325062,0.0003603210197644352
0.25444444444444403,-0.2222222222222222,0.8644763726619573,0.0003306997526805537
0.2522222222222218,-0.2222222222222222,0.8641433244708527,0.00030237987196532473
0.24999999999999958,-0.2222222222222222,0.8638068097986946,0.0002752659264871503
0.24777777777777737,-0.2222222222222222,0.8634973501408311,0.0002492921301542385
0.24555555555555517,-0.2222222222222222,0.8631995347154646,0.00022432310150849097
0.24333333333333296,-0.2222222222222222,0.8629286264855994,0.00020027363208218173
0.24111111111111075,-0.2222222222222222,0.8627002793899752,0.00017705729331083737
0.23888888888888854,-0.2222222222222222,0.8625293344998922,0.00015458571686452182
0.23666666666666633,-0.2222222222222222,0.862427587520707,0.00013276787067570812
0.23444444444444412,-0.2222222222222222,0.862399263522704,0.00011147836289901647
0.2322222222222219,-0.2222222222222222,0.8624306903059821,9.063649286873624e-05
0.2299999999999997,-0.2222222222222222,0.8624626657465942,7.014681162550437e-05
0.2277777777777775,-0.2222222222222222,0.8629962143912445,4.9996920948912034e-05
0.2255555555555553,-0.2222222222222222,0.8639471045632737,3.001209765490971e-05
0.22333333333333308,-0.2222222222222222,0.8694990661107894,1.018969193874445e-05
0.22222222222222232,-0.2211111111111111,1.1164562136036886,3.639329454266048e-05
0.22222222222222232,-0.21888888888888888,1.1161863294158747,0.00010889655513490573
0.22222222222222232,-0.21666666666666667,1.1182391408287011,0.00018233798559086782
0.22222222222222232,-0.21444444444444447,1.1188196926461889,0.00025477054813478574
0.22222222222222232,-0.21222222222222226,1.11898532476885,0.00032600079527721166
0.22222222222222232,-0.21000000000000005,1.1186972053481847,0.0003954926550692792
0.22222222222222232,-0.20777777777777784,1.118244498999444,0.0004630970287262158
0.22222222222222232,-0.20555555555555563,1.117755796237449,0.0005286390550388812
0.22222222222222232,-0.20333333333333342,1.1172937711960358,0.0005920913062115787
0.22222222222222232,-0.2011111111111112,1.116890160718437,0.0006533059133219262
0.22222222222222232,-0.198888888888889,1.1165607203116321,0.0007121311856157179
0.22222222222222232,-0.1966666666666668,1.1163123121081342,0.0007684116990876775
0.22222222222222232,-0.1944444444444446,1.1161465207233827,0.0008219882996861533
0.22222222222222232,-0.19222222222222238,1.1160883230519067,0.0008728301390008572
0.22222222222222232,-0.19000000000000017,1.116113758061057,0.0009206880587900594
0.22222222222222232,-0.18777777777777796,1.1162203666440886,0.0009654124456778713
0.22222222222222232,-0.18555555555555575,1.1164057324135819,0.0010068595801899938
0.22222222222222232,-0.18333333333333354,1.1166674935341505,0.0010448915411421465
0.22222222222222232,-0.18111111111111133,1.117003332635481,0.0010793760942694088
0.22222222222222232,-0.17888888888888912,1.1174109510659838,0.0011101865661366187
0.22222222222222232,-0.17666666666666692,1.1178880303832242,0.0011372017038608052
0.22222222222222232,-0.1744444444444447,1.118432181822426,0.001160305520820476
0.22222222222222232,-0.1722222222222225,1.1190408829097085,0.001179387128269966
0.22222222222222232,-0.1700000000000003,1.119711399026276,0.001194340552596948
0.22222222222222232,-0.16777777777777808,1.1204406863347567,0.0012050645378499777
0.22222222222222232,-0.16555555555555587,1.1212182534006665,0.0012114200836809666
0.22222222222222232,-0.16333333333333366,1.1220489914642409,0.0012133684678896992
0.22222222222222232,-0.16111111111111145,1.1229314384601816,0.0012108419275466027
0.22222222222222232,-0.15888888888888925,1.1238539918036181,0.0012037212138311393
0.22222222222222232,-0.15666666666666704,1.1248062145274658,0.0011919060966784144
0.22222222222222232,-0.15444444444444483,1.125778528575782,0.0011753160961128144
0.22222222222222232,-0.15222222222222262,1.126761931828479,0.0011538912359974017
0.22222222222222232,-0.1500000000000004,1.127747721365557,0.0011275928179623335
0.22222222222222232,-0.1477777777777782,1.1287272035839442,0.0010964042141034065
0.22222222222222232,-0.145555555555556,1.129691367030078,0.0010603316777268565
0.22222222222222232,-0.14333333333333378,1.1306304847230095,0.0010194051720274651
0.22222222222222232,-0.14111111111111158,1.1315335964575601,0.0009736792171881535
0.22222222222222232,-0.13888888888888937,1.1323877925776504,0.0009232337570570997
0.22222222222222232,-0.13666666666666716,1.133210016559863,0.0008683365601879962
0.22222222222222232,-0.13444444444444495,1.133971624226468,0.0008090506760410782
0.22222222222222232,-0.13222222222222274,1.1346737851648652,0.0007456305005381032
0.22222222222222232,-0.13000000000000053,1.1353145279568908,0.0006783446075638635
0.22222222222222232,-0.12777777777777832,1.1358876486075955,0.0006074774809593254
0.22222222222222232,-0.12555555555555611,1.1363804704560325,0.0005333313061482169
0.22222222222222232,-0.12333333333333389,1.1367690451842778,0.00045627378657778336
0.22222222222222232,-0.12111111111111167,1.1370068751130933,0.0003767269892647457
0.22222222222222232,-0.11888888888888945,1.136994301677855,0.0002950315806977713
0.22222222222222232,-0.11666666666666722,1.1364960252865322,0.00021154770294398102
0.22222222222222232,-0.114444444444445,1.134402005713671,0.00012656724954098367
0.22222222222222232,-0.11222222222222278,1.1306468557684193,4.17838400691151e-05
0.22333333333333344,-0.1111111111111111,0.8442454508618967,9.54041488481604e-06
0.22555555555555565,-0.1111111111111111,0.8425704605562032,2.8520753827593864e-05
0.22777777777777786,-0.1111111111111111,0.8431640991710732,4.779408199351686e-05
0.23000000000000007,-0.1111111111111111,0.8433788241707673,6.724473972155451e-05
0.23222222222222227,-0.1111111111111111,0.8433369944523008,8.691102144102916e-05
0.23444444444444448,-0.1111111111111111,0.8431580310545566,0.00010686191820428895
0.2366666666666667,-0.1111111111111111,0.8429738521699266,0.00012720202724957546
0.2388888888888889,-0.1111111111111111,0.8428219747149129,0.00014805395364544895
0.2411111111111111,-0.1111111111111111,0.8427022739652321,0.00016951204879128462
0.24333333333333332,-0.1111111111111111,0.8425981973137073,0.00019165580755356378
0.24555555555555553,-0.1111111111111111,0.842486068897775,0.00021456002433283398
0.24777777777777774,-0.1111111111111111,0.8423397060495545,0.00023829551450736317
0.24999999999999994,-0.1111111111111111,0.8421329479439672,0.0002629298559965513
0.2522222222222222,-0.1111111111111111,0.8418657110979746,0.0002885683045254527
0.2544444444444444,-0.1111111111111111,0.8414772369689191,0.0003152166498290058
0.25666666666666665,-0.1111111111111111,0.8409434656252732,0.0003429220106960268
0.2588888888888889,-0.1111111111111111,0.840246855645761,0.00037173458718975887
0.2611111111111111,-0.1111111111111111,0.8393754641470109,0.0004017083939402807
0.26333333333333336,-0.1111111111111111,0.8383222507087164,0.00043290200375842075
0.2655555555555556,-0.1111111111111111,0.8370845048517664,0.0004653792773514856
0.26777777777777784,-0.1111111111111111,0.8356633392992343,0.000499210057075781
0.2700000000000001,-0.1111111111111111,0.8340632170069778,0.0005344708062457159
0.2722222222222223,-0.1111111111111111,0.8322914958995282,0.0005712451801180951
0.27444444444444455,-0.1111111111111111,0.830357985169053,0.0006096245198194309
0.2766666666666668,-0.1111111111111111,0.8282745130271526,0.0006497082657158952
0.278888888888889,-0.1111111111111111,0.826095400693912,0.000691725057272536
0.28111111111111126,-0.1111111111111111,0.8235998338205107,0.0007353190231351815
0.2833333333333335,-0.1111111111111111,0.8209388470156013,0.0007808834329875719
0.28555555555555573,-0.1111111111111111,0.8179720816081201,0.0008280635566072426
0.28777777777777797,-0.1111111111111111,0.8146414981769875,0.0008767592720849159
0.2900000000000002,-0.1111111111111111,0.8109527077224346,0.0009269904276583192
0.29222222222222244,-0.1111111111111111,0.8068650074966464,0.0009786366355152244
0.2944444444444447,-0.1111111111111111,0.8023002340653947,0.0010314153636518477
0.2966666666666669,-0.1111111111111111,0.797160905426564,0.0010848744157876957
0.29888888888888915,-0.1111111111111111,0.791344539669451,0.0011384932415699682
0.3011111111111114,-0.1111111111111111,0.7847547460189551,0.0011917047550676727
0.3033333333333336,-0.1111111111111111,0.777309498884108,0.0012439319664542393
0.30555555555555586,-0.1111111111111111,0.7689468810342281,0.0012946243679426827
0.3077777777777781,-0.1111111111111111,0.7594495900245217,0.001342536626026625
0.31000000000000033,-0.1111111111111111,0.7486192577474988,0.0013863219793040647
0.31222222222222257,-0.1111111111111111,0.7360989329872569,0.001423760442308314
0.3144444444444448,-0.1111111111111111,0.7215827933287466,0.0014528690084618723
0.31666666666666704,-0.1111111111111111,0.7046297895453422,0.0014709281518634943
0.3188888888888893,-0.1111111111111111,0.6846460950565809,0.0014745774434669
0.3211111111111115,-0.1111111111111111,0.6608088888605944,0.0014596348819757
0.32333333333333375,-0.1111111111111111,0.6318762138653596,0.0014205563355964917
0.325555555555556,-0.1111111111111111,0.5960523418231544,0.0013508005220870282
0.3277777777777782,-0.1111111111111111,0.5505226644352881,0.0012425617550164175
0.33000000000000046,-0.1111111111111111,0.4908852966265675,0.0010883827243139464
0.3322222222222227,-0.1111111111111111,0.4118965335983369,0.0008905068062069092
